,from,to,source,target
0,54516759,14462907,gladeolie,Infosys
1,54516759,14462907,gladeolie,Infosys
2,54516759,344634424,gladeolie,RafaelNadal
3,54516759,344634424,gladeolie,RafaelNadal
4,54516759,344634424,gladeolie,RafaelNadal
5,2753973965,1479901548209655808,onr273,BrnMetaverse
6,3688994482,204406420,ApexStupidity,kortizart
7,1759868863389519872,1694032671620362240,Baroodcrypto,edwardlimp
8,1759868863389519872,1694032671620362240,Baroodcrypto,edwardlimp
9,1759868863389519872,1353384573435056128,Baroodcrypto,rovercrc
10,1759868863389519872,1353384573435056128,Baroodcrypto,rovercrc
11,1747327390848823296,1663269489515872267,proklimatech,GenAi_offi
12,1747327390848823296,1663269489515872267,proklimatech,GenAi_offi
13,1747327390848823296,1663269489515872267,proklimatech,GenAi_offi
14,1747327390848823296,1663269489515872267,proklimatech,GenAi_offi
15,1747327390848823296,1663269489515872267,proklimatech,GenAi_offi
16,1747327390848823296,1663269489515872267,proklimatech,GenAi_offi
17,1747327390848823296,1663269489515872267,proklimatech,GenAi_offi
18,1747327390848823296,1663269489515872267,proklimatech,GenAi_offi
19,1747327390848823296,1663269489515872267,proklimatech,GenAi_offi
20,1747327390848823296,1663269489515872267,proklimatech,GenAi_offi
21,1747327390848823296,1663269489515872267,proklimatech,GenAi_offi
22,1747327390848823296,1663269489515872267,proklimatech,GenAi_offi
23,741344448,75673231,NandnNor,enricomolinari
24,741344448,75673231,NandnNor,enricomolinari
25,741344448,501801749,NandnNor,BCG
26,741344448,75673231,NandnNor,enricomolinari
27,741344448,75673231,NandnNor,enricomolinari
28,741344448,192894727,NandnNor,Consultancy_uk
29,2246577770,1505796162267545601,oscarnazhan,mmarccode
30,707717096,1663269489515872267,lucky2lukii,GenAi_offi
31,707717096,1663269489515872267,lucky2lukii,GenAi_offi
32,707717096,1663269489515872267,lucky2lukii,GenAi_offi
33,707717096,1663269489515872267,lucky2lukii,GenAi_offi
34,707717096,1663269489515872267,lucky2lukii,GenAi_offi
35,707717096,1663269489515872267,lucky2lukii,GenAi_offi
36,707717096,1663269489515872267,lucky2lukii,GenAi_offi
37,707717096,1663269489515872267,lucky2lukii,GenAi_offi
38,707717096,1663269489515872267,lucky2lukii,GenAi_offi
39,707717096,1663269489515872267,lucky2lukii,GenAi_offi
40,707717096,1663269489515872267,lucky2lukii,GenAi_offi
41,707717096,1663269489515872267,lucky2lukii,GenAi_offi
42,1497977231108239360,1663269489515872267,inthaphanith,GenAi_offi
43,1497977231108239360,1663269489515872267,inthaphanith,GenAi_offi
44,1497977231108239360,1663269489515872267,inthaphanith,GenAi_offi
45,1497977231108239360,1663269489515872267,inthaphanith,GenAi_offi
46,1497977231108239360,1663269489515872267,inthaphanith,GenAi_offi
47,1497977231108239360,1663269489515872267,inthaphanith,GenAi_offi
48,1497977231108239360,1663269489515872267,inthaphanith,GenAi_offi
49,1497977231108239360,1663269489515872267,inthaphanith,GenAi_offi
50,1497977231108239360,1663269489515872267,inthaphanith,GenAi_offi
51,1497977231108239360,1663269489515872267,inthaphanith,GenAi_offi
52,1497977231108239360,1663269489515872267,inthaphanith,GenAi_offi
53,1497977231108239360,1663269489515872267,inthaphanith,GenAi_offi
54,1479447128996941824,1452908764055568384,crypto9761,choc07_
55,31075589,1547059723811229696,ktirus,HeyAbhishekk
56,1589655130366173184,236655906,NErmengild,_ranituran
57,1742501768204795904,1694032671620362240,CodaxOG,edwardlimp
58,1742501768204795904,1694032671620362240,CodaxOG,edwardlimp
59,1742501768204795904,1353384573435056128,CodaxOG,rovercrc
60,1742501768204795904,1353384573435056128,CodaxOG,rovercrc
61,1176394590544248832,385516911,SkybuilderArt,TheAbbeyRoadie
62,2243751272,2243751272,fabienprevots,fabienprevots
63,2243751272,2243751272,fabienprevots,fabienprevots
64,2243751272,2243751272,fabienprevots,fabienprevots
65,2243751272,2243751272,fabienprevots,fabienprevots
66,14942040,14291654,leirdal,einarwh
67,1586750462404874240,1694032671620362240,SubiantoWesly,edwardlimp
68,1586750462404874240,1694032671620362240,SubiantoWesly,edwardlimp
69,1586750462404874240,1353384573435056128,SubiantoWesly,rovercrc
70,1586750462404874240,1353384573435056128,SubiantoWesly,rovercrc
71,25868334,70001932,SabineVdL,EYnews
72,1585214274032500736,1547059723811229696,Mannu_Manasaa,HeyAbhishekk
73,262831665,204406420,Futbolovr,kortizart
74,3324711308,232796762,VenkaT_0929,imravikumars
75,3324711308,47979479,VenkaT_0929,CNOFinancial
76,1429509101847937024,1052563636797943808,Haripriaa,HimanshiET
77,737142202481016832,1175377309676781568,chidambara09,BetaMoroney
78,737142202481016832,1175377309676781568,chidambara09,BetaMoroney
79,737142202481016832,1175377309676781568,chidambara09,BetaMoroney
80,737142202481016832,1175377309676781568,chidambara09,BetaMoroney
81,737142202481016832,75673231,chidambara09,enricomolinari
82,737142202481016832,75673231,chidambara09,enricomolinari
83,737142202481016832,501801749,chidambara09,BCG
84,737142202481016832,914274290081689601,chidambara09,theomitsa
85,737142202481016832,914274290081689601,chidambara09,theomitsa
86,737142202481016832,1010498049058201600,chidambara09,JagersbergKnut
87,737142202481016832,1010498049058201600,chidambara09,JagersbergKnut
88,737142202481016832,3917217552,chidambara09,KevinClarity
89,737142202481016832,130344472,chidambara09,enilev
90,737142202481016832,130344472,chidambara09,enilev
91,737142202481016832,1202551645470638080,chidambara09,EstelaMandela
92,737142202481016832,297316043,chidambara09,RLDI_Lamy
93,737142202481016832,297316043,chidambara09,RLDI_Lamy
94,737142202481016832,1260150675922579456,chidambara09,AchuthaSubhash
95,737142202481016832,914274290081689601,chidambara09,theomitsa
96,737142202481016832,914274290081689601,chidambara09,theomitsa
97,737142202481016832,91608548,chidambara09,bamitav
98,737142202481016832,91608548,chidambara09,bamitav
99,737142202481016832,1025638818068590592,chidambara09,sonu_monika
100,737142202481016832,130344472,chidambara09,enilev
101,737142202481016832,130344472,chidambara09,enilev
102,737142202481016832,1010498049058201600,chidambara09,JagersbergKnut
103,737142202481016832,1010498049058201600,chidambara09,JagersbergKnut
104,737142202481016832,18424799,chidambara09,TysonLester
105,737142202481016832,409997594,chidambara09,labordeolivier
106,737142202481016832,1175377309676781568,chidambara09,BetaMoroney
107,737142202481016832,1175377309676781568,chidambara09,BetaMoroney
108,737142202481016832,1175377309676781568,chidambara09,BetaMoroney
109,737142202481016832,1175377309676781568,chidambara09,BetaMoroney
110,737142202481016832,91608548,chidambara09,bamitav
111,737142202481016832,91608548,chidambara09,bamitav
112,729347379099521024,27737167,MarkAbelMugenwa,mikebago
113,729347379099521024,1378315837,MarkAbelMugenwa,Andela
114,1694032671620362240,1694032671620362240,edwardlimp,edwardlimp
115,1694032671620362240,1694032671620362240,edwardlimp,edwardlimp
116,1694032671620362240,1694032671620362240,edwardlimp,edwardlimp
117,1694032671620362240,1694032671620362240,edwardlimp,edwardlimp
118,1694032671620362240,1353384573435056128,edwardlimp,rovercrc
119,1694032671620362240,1353384573435056128,edwardlimp,rovercrc
120,1694032671620362240,1353384573435056128,edwardlimp,rovercrc
121,1694032671620362240,1353384573435056128,edwardlimp,rovercrc
122,1694032671620362240,1353384573435056128,edwardlimp,rovercrc
123,1694032671620362240,1353384573435056128,edwardlimp,rovercrc
124,1694032671620362240,1353384573435056128,edwardlimp,rovercrc
125,1694032671620362240,1353384573435056128,edwardlimp,rovercrc
126,1095927886647840768,1663269489515872267,ATULKUM33546870,GenAi_offi
127,1095927886647840768,1663269489515872267,ATULKUM33546870,GenAi_offi
128,1095927886647840768,1663269489515872267,ATULKUM33546870,GenAi_offi
129,1095927886647840768,1663269489515872267,ATULKUM33546870,GenAi_offi
130,1095927886647840768,1663269489515872267,ATULKUM33546870,GenAi_offi
131,1095927886647840768,1663269489515872267,ATULKUM33546870,GenAi_offi
132,1095927886647840768,1658069772896960513,ATULKUM33546870,Portalcoin
133,1095927886647840768,1663269489515872267,ATULKUM33546870,GenAi_offi
134,1095927886647840768,1663269489515872267,ATULKUM33546870,GenAi_offi
135,1095927886647840768,1663269489515872267,ATULKUM33546870,GenAi_offi
136,1095927886647840768,1663269489515872267,ATULKUM33546870,GenAi_offi
137,1095927886647840768,1663269489515872267,ATULKUM33546870,GenAi_offi
138,1095927886647840768,1663269489515872267,ATULKUM33546870,GenAi_offi
139,431393905,1165416642,Ismi_Azazel,ariftdesign
140,1493840346,1597132648521953280,0xbilion,BSquaredNetwork
141,1493840346,1597132648521953280,0xbilion,BSquaredNetwork
142,1661820702729666560,1111320127,thompsontenor,exl_service
143,1123603187095621632,2381578122,aster_cloud,Samsung
144,1123603187095621632,2381578122,aster_cloud,Samsung
145,1123603187095621632,19367815,aster_cloud,googlecloud
146,1123603187095621632,19367815,aster_cloud,googlecloud
147,1123603187095621632,19367815,aster_cloud,googlecloud
148,1123603187095621632,19367815,aster_cloud,googlecloud
149,1123603187095621632,1123603187095621632,aster_cloud,aster_cloud
150,1123603187095621632,1123603187095621632,aster_cloud,aster_cloud
151,1123603187095621632,1123603187095621632,aster_cloud,aster_cloud
152,1123603187095621632,1123603187095621632,aster_cloud,aster_cloud
153,3376145139,44196397,SWAccelerated,elonmusk
154,85041805,1962875852,Aunu_Gem_in_I,DeloitteAcctg
155,543553209,272963359,Taq_Jafar,lwastuargo
156,2186416068,236655906,liafatlieve,_ranituran
157,837341223694249984,18949452,nordicinst,FT
158,1744427809093697536,1597132648521953280,kt_future,BSquaredNetwork
159,1744427809093697536,1597132648521953280,kt_future,BSquaredNetwork
160,297316043,75673231,RLDI_Lamy,enricomolinari
161,297316043,75673231,RLDI_Lamy,enricomolinari
162,297316043,75673231,RLDI_Lamy,enricomolinari
163,297316043,75673231,RLDI_Lamy,enricomolinari
164,297316043,501801749,RLDI_Lamy,BCG
165,297316043,501801749,RLDI_Lamy,BCG
166,314535201,1175377309676781568,AlbertoEMachado,BetaMoroney
167,314535201,1175377309676781568,AlbertoEMachado,BetaMoroney
168,314535201,1175377309676781568,AlbertoEMachado,BetaMoroney
169,314535201,1175377309676781568,AlbertoEMachado,BetaMoroney
170,314535201,14065217,AlbertoEMachado,sandy_carter
171,314535201,91478624,AlbertoEMachado,Forbes
172,314535201,4827221,AlbertoEMachado,rafatamames
173,4360946594,980805962,mdmasfik20,LookSocialMedia
174,4360946594,19056688,mdmasfik20,trafficwave
175,1597132648521953280,287814485,BSquaredNetwork,moonlightst
176,1597132648521953280,287814485,BSquaredNetwork,moonlightst
177,1597132648521953280,1465939427612667906,BSquaredNetwork,ScopeProtocol
178,1597132648521953280,1465939427612667906,BSquaredNetwork,ScopeProtocol
179,1597132648521953280,1499022668913328133,BSquaredNetwork,UltiverseDAO
180,1597132648521953280,1499022668913328133,BSquaredNetwork,UltiverseDAO
181,1597132648521953280,1733683842031271936,BSquaredNetwork,cyberpetacraft
182,1597132648521953280,1733683842031271936,BSquaredNetwork,cyberpetacraft
183,1620657438,871007623952433153,monish_athni,The_Juggrnaut
184,1620657438,991556631136645120,monish_athni,SaitoOfficial
185,1620657438,1387370483952209925,monish_athni,JackJWard
186,1620657438,1384811620916883456,monish_athni,MukkingAbout
187,1620657438,3729593165,monish_athni,Saitodler
188,1620657438,2440804043,monish_athni,holdsaito
189,1620657438,1593145575192465413,monish_athni,D_PoConviction
190,1620657438,1462679342022991873,monish_athni,VajraTalon
191,1620657438,39504436,monish_athni,SaitoWeb3
192,1620657438,773565311752736768,monish_athni,NurrrdFerguson
193,1323651890,204406420,ShadowCooperX1,kortizart
194,1322232495543214080,28082599,dizzyhitman_007,Rajeev_GoI
195,1322232495543214080,33838201,dizzyhitman_007,GoogleAI
196,1322232495543214080,94530194,dizzyhitman_007,GoogleIndia
197,1322232495543214080,2570642840,dizzyhitman_007,GoI_MeitY
198,1728484133041815552,1711394904146903040,tradingzeng,BenCrypt_
199,1728484133041815552,1711394904146903040,tradingzeng,BenCrypt_
200,1728484133041815552,1711394904146903040,tradingzeng,BenCrypt_
201,1175377309676781568,1175377309676781568,BetaMoroney,BetaMoroney
202,1175377309676781568,1175377309676781568,BetaMoroney,BetaMoroney
203,1175377309676781568,1175377309676781568,BetaMoroney,BetaMoroney
204,1175377309676781568,1175377309676781568,BetaMoroney,BetaMoroney
205,1175377309676781568,1175377309676781568,BetaMoroney,BetaMoroney
206,1175377309676781568,1175377309676781568,BetaMoroney,BetaMoroney
207,1175377309676781568,1175377309676781568,BetaMoroney,BetaMoroney
208,1175377309676781568,1175377309676781568,BetaMoroney,BetaMoroney
209,1175377309676781568,1175377309676781568,BetaMoroney,BetaMoroney
210,1175377309676781568,1175377309676781568,BetaMoroney,BetaMoroney
211,1175377309676781568,1175377309676781568,BetaMoroney,BetaMoroney
212,1175377309676781568,1175377309676781568,BetaMoroney,BetaMoroney
213,1175377309676781568,1175377309676781568,BetaMoroney,BetaMoroney
214,1175377309676781568,1175377309676781568,BetaMoroney,BetaMoroney
215,1175377309676781568,1175377309676781568,BetaMoroney,BetaMoroney
216,1175377309676781568,1175377309676781568,BetaMoroney,BetaMoroney
217,1175377309676781568,14065217,BetaMoroney,sandy_carter
218,1175377309676781568,14065217,BetaMoroney,sandy_carter
219,1175377309676781568,14065217,BetaMoroney,sandy_carter
220,1175377309676781568,14065217,BetaMoroney,sandy_carter
221,1175377309676781568,91478624,BetaMoroney,Forbes
222,1175377309676781568,91478624,BetaMoroney,Forbes
223,1175377309676781568,91478624,BetaMoroney,Forbes
224,1175377309676781568,91478624,BetaMoroney,Forbes
225,1476739270345850880,127831036,Alan8566422,kelmoujahid
226,448123131,14462907,Nemagoud,Infosys
227,448123131,14462907,Nemagoud,Infosys
228,448123131,344634424,Nemagoud,RafaelNadal
229,448123131,344634424,Nemagoud,RafaelNadal
230,448123131,344634424,Nemagoud,RafaelNadal
231,1055780582393671680,4909401,zxmr1x4WxHrBEWI,VoQn
232,2729348017,68433676,KofoAregbesola,CatherineAdenle
233,2729348017,68433676,KofoAregbesola,CatherineAdenle
234,2729348017,68433676,KofoAregbesola,CatherineAdenle
235,2729348017,68433676,KofoAregbesola,CatherineAdenle
236,2729348017,760046461824409600,KofoAregbesola,VerdictUK
237,2729348017,68433676,KofoAregbesola,CatherineAdenle
238,2729348017,68433676,KofoAregbesola,CatherineAdenle
239,2729348017,68433676,KofoAregbesola,CatherineAdenle
240,2729348017,68433676,KofoAregbesola,CatherineAdenle
241,2729348017,34042766,KofoAregbesola,McKinsey
242,2729348017,68433676,KofoAregbesola,CatherineAdenle
243,2729348017,68433676,KofoAregbesola,CatherineAdenle
244,2729348017,68433676,KofoAregbesola,CatherineAdenle
245,2729348017,68433676,KofoAregbesola,CatherineAdenle
246,2729348017,68433676,KofoAregbesola,CatherineAdenle
247,2729348017,68433676,KofoAregbesola,CatherineAdenle
248,2729348017,68433676,KofoAregbesola,CatherineAdenle
249,2729348017,68433676,KofoAregbesola,CatherineAdenle
250,2729348017,68433676,KofoAregbesola,CatherineAdenle
251,2729348017,68433676,KofoAregbesola,CatherineAdenle
252,2729348017,68433676,KofoAregbesola,CatherineAdenle
253,2729348017,68433676,KofoAregbesola,CatherineAdenle
254,2729348017,1092282878,KofoAregbesola,con2013_ops
255,2729348017,1092282878,KofoAregbesola,con2013_ops
256,2729348017,991594459828772864,KofoAregbesola,Careerstips1
257,2729348017,991594459828772864,KofoAregbesola,Careerstips1
258,2729348017,991594459828772864,KofoAregbesola,Careerstips1
259,2729348017,991594459828772864,KofoAregbesola,Careerstips1
260,2729348017,68433676,KofoAregbesola,CatherineAdenle
261,2729348017,68433676,KofoAregbesola,CatherineAdenle
262,2729348017,68433676,KofoAregbesola,CatherineAdenle
263,2729348017,68433676,KofoAregbesola,CatherineAdenle
264,749155162904604672,4909401,0618toto,VoQn
265,1707028597884518400,53486081,Jozzzzzy179589,kubotamas
266,68433676,991594459828772864,CatherineAdenle,Careerstips1
267,68433676,991594459828772864,CatherineAdenle,Careerstips1
268,68433676,991594459828772864,CatherineAdenle,Careerstips1
269,68433676,991594459828772864,CatherineAdenle,Careerstips1
270,68433676,991594459828772864,CatherineAdenle,Careerstips1
271,68433676,991594459828772864,CatherineAdenle,Careerstips1
272,68433676,991594459828772864,CatherineAdenle,Careerstips1
273,68433676,991594459828772864,CatherineAdenle,Careerstips1
274,68433676,991594459828772864,CatherineAdenle,Careerstips1
275,68433676,991594459828772864,CatherineAdenle,Careerstips1
276,68433676,991594459828772864,CatherineAdenle,Careerstips1
277,68433676,991594459828772864,CatherineAdenle,Careerstips1
278,68433676,991594459828772864,CatherineAdenle,Careerstips1
279,68433676,991594459828772864,CatherineAdenle,Careerstips1
280,68433676,991594459828772864,CatherineAdenle,Careerstips1
281,68433676,991594459828772864,CatherineAdenle,Careerstips1
282,1711313712219668480,1658789968314265601,0x_Bullish,AINN_BRC20
283,1711313712219668480,1400391752368992260,0x_Bullish,Web3WithBinance
284,1693685643346411520,1643554227615064065,JTits1707,Whizz_ai
285,991594459828772864,68433676,Careerstips1,CatherineAdenle
286,991594459828772864,68433676,Careerstips1,CatherineAdenle
287,991594459828772864,68433676,Careerstips1,CatherineAdenle
288,991594459828772864,68433676,Careerstips1,CatherineAdenle
289,991594459828772864,68433676,Careerstips1,CatherineAdenle
290,991594459828772864,68433676,Careerstips1,CatherineAdenle
291,991594459828772864,68433676,Careerstips1,CatherineAdenle
292,991594459828772864,68433676,Careerstips1,CatherineAdenle
293,991594459828772864,760046461824409600,Careerstips1,VerdictUK
294,991594459828772864,760046461824409600,Careerstips1,VerdictUK
295,991594459828772864,68433676,Careerstips1,CatherineAdenle
296,991594459828772864,68433676,Careerstips1,CatherineAdenle
297,991594459828772864,68433676,Careerstips1,CatherineAdenle
298,991594459828772864,68433676,Careerstips1,CatherineAdenle
299,991594459828772864,68433676,Careerstips1,CatherineAdenle
300,991594459828772864,68433676,Careerstips1,CatherineAdenle
301,991594459828772864,68433676,Careerstips1,CatherineAdenle
302,991594459828772864,68433676,Careerstips1,CatherineAdenle
303,991594459828772864,34042766,Careerstips1,McKinsey
304,991594459828772864,34042766,Careerstips1,McKinsey
305,991594459828772864,68433676,Careerstips1,CatherineAdenle
306,991594459828772864,68433676,Careerstips1,CatherineAdenle
307,991594459828772864,68433676,Careerstips1,CatherineAdenle
308,991594459828772864,68433676,Careerstips1,CatherineAdenle
309,991594459828772864,68433676,Careerstips1,CatherineAdenle
310,991594459828772864,68433676,Careerstips1,CatherineAdenle
311,991594459828772864,68433676,Careerstips1,CatherineAdenle
312,991594459828772864,68433676,Careerstips1,CatherineAdenle
313,991594459828772864,68433676,Careerstips1,CatherineAdenle
314,991594459828772864,68433676,Careerstips1,CatherineAdenle
315,991594459828772864,68433676,Careerstips1,CatherineAdenle
316,991594459828772864,68433676,Careerstips1,CatherineAdenle
317,991594459828772864,68433676,Careerstips1,CatherineAdenle
318,991594459828772864,68433676,Careerstips1,CatherineAdenle
319,991594459828772864,68433676,Careerstips1,CatherineAdenle
320,991594459828772864,68433676,Careerstips1,CatherineAdenle
321,991594459828772864,68433676,Careerstips1,CatherineAdenle
322,991594459828772864,68433676,Careerstips1,CatherineAdenle
323,991594459828772864,68433676,Careerstips1,CatherineAdenle
324,991594459828772864,68433676,Careerstips1,CatherineAdenle
325,991594459828772864,68433676,Careerstips1,CatherineAdenle
326,991594459828772864,68433676,Careerstips1,CatherineAdenle
327,991594459828772864,68433676,Careerstips1,CatherineAdenle
328,991594459828772864,68433676,Careerstips1,CatherineAdenle
329,991594459828772864,68433676,Careerstips1,CatherineAdenle
330,991594459828772864,68433676,Careerstips1,CatherineAdenle
331,991594459828772864,68433676,Careerstips1,CatherineAdenle
332,991594459828772864,68433676,Careerstips1,CatherineAdenle
333,991594459828772864,68433676,Careerstips1,CatherineAdenle
334,991594459828772864,68433676,Careerstips1,CatherineAdenle
335,991594459828772864,68433676,Careerstips1,CatherineAdenle
336,991594459828772864,68433676,Careerstips1,CatherineAdenle
337,991594459828772864,1092282878,Careerstips1,con2013_ops
338,991594459828772864,1092282878,Careerstips1,con2013_ops
339,991594459828772864,1092282878,Careerstips1,con2013_ops
340,991594459828772864,1092282878,Careerstips1,con2013_ops
341,1342668292087980032,976503230489178113,BentkeyApp,DomainFQ
342,1342668292087980032,976503230489178113,BentkeyApp,DomainFQ
343,9099062,53486081,morioka,kubotamas
344,1752464570646478848,1599784655187738625,Jeni1424158,crypto_4whales
345,1761329382646575104,1663269489515872267,ksire663,GenAi_offi
346,1761329382646575104,1663269489515872267,ksire663,GenAi_offi
347,1761329382646575104,1663269489515872267,ksire663,GenAi_offi
348,1761329382646575104,1663269489515872267,ksire663,GenAi_offi
349,1761329382646575104,1663269489515872267,ksire663,GenAi_offi
350,1761329382646575104,1663269489515872267,ksire663,GenAi_offi
351,1761329382646575104,1663269489515872267,ksire663,GenAi_offi
352,1761329382646575104,1663269489515872267,ksire663,GenAi_offi
353,1761329382646575104,1663269489515872267,ksire663,GenAi_offi
354,1761329382646575104,1663269489515872267,ksire663,GenAi_offi
355,1761329382646575104,1663269489515872267,ksire663,GenAi_offi
356,1761329382646575104,1663269489515872267,ksire663,GenAi_offi
357,1761329382646575104,1655884680665636864,ksire663,KarenScofi21001
358,1761329382646575104,1663269489515872267,ksire663,GenAi_offi
359,1761329382646575104,1663269489515872267,ksire663,GenAi_offi
360,1761329382646575104,1663269489515872267,ksire663,GenAi_offi
361,1761329382646575104,1663269489515872267,ksire663,GenAi_offi
362,1761329382646575104,1663269489515872267,ksire663,GenAi_offi
363,1761329382646575104,1663269489515872267,ksire663,GenAi_offi
364,1746625052429475840,1663269489515872267,gusion1501,GenAi_offi
365,1746625052429475840,1663269489515872267,gusion1501,GenAi_offi
366,1746625052429475840,1663269489515872267,gusion1501,GenAi_offi
367,1746625052429475840,1663269489515872267,gusion1501,GenAi_offi
368,1746625052429475840,1663269489515872267,gusion1501,GenAi_offi
369,1746625052429475840,1663269489515872267,gusion1501,GenAi_offi
370,1746625052429475840,1663269489515872267,gusion1501,GenAi_offi
371,1746625052429475840,1663269489515872267,gusion1501,GenAi_offi
372,1746625052429475840,1663269489515872267,gusion1501,GenAi_offi
373,1746625052429475840,1663269489515872267,gusion1501,GenAi_offi
374,1746625052429475840,1663269489515872267,gusion1501,GenAi_offi
375,1746625052429475840,1663269489515872267,gusion1501,GenAi_offi
376,2206093247,1663269489515872267,abez_hassan,GenAi_offi
377,2206093247,1663269489515872267,abez_hassan,GenAi_offi
378,2206093247,1663269489515872267,abez_hassan,GenAi_offi
379,2206093247,1663269489515872267,abez_hassan,GenAi_offi
380,2206093247,1663269489515872267,abez_hassan,GenAi_offi
381,2206093247,1663269489515872267,abez_hassan,GenAi_offi
382,2206093247,1663269489515872267,abez_hassan,GenAi_offi
383,2206093247,1663269489515872267,abez_hassan,GenAi_offi
384,2206093247,1663269489515872267,abez_hassan,GenAi_offi
385,2206093247,1663269489515872267,abez_hassan,GenAi_offi
386,2206093247,1663269489515872267,abez_hassan,GenAi_offi
387,2206093247,1663269489515872267,abez_hassan,GenAi_offi
388,238574438,4909401,emuti1,VoQn
389,107474787,1663269489515872267,ShibariumBull,GenAi_offi
390,107474787,1663269489515872267,ShibariumBull,GenAi_offi
391,107474787,1663269489515872267,ShibariumBull,GenAi_offi
392,107474787,1663269489515872267,ShibariumBull,GenAi_offi
393,107474787,1663269489515872267,ShibariumBull,GenAi_offi
394,107474787,1663269489515872267,ShibariumBull,GenAi_offi
395,1761308765402587136,1599784655187738625,SilvanaExc22844,crypto_4whales
396,1741342427644850176,2390372563,Crypto_Experttt,BabySora_AI
397,1749120434216566784,1655884680665636864,trxnol1,KarenScofi21001
398,1749120434216566784,1663269489515872267,trxnol1,GenAi_offi
399,1749120434216566784,1663269489515872267,trxnol1,GenAi_offi
400,1749120434216566784,1663269489515872267,trxnol1,GenAi_offi
401,1749120434216566784,1663269489515872267,trxnol1,GenAi_offi
402,1749120434216566784,1663269489515872267,trxnol1,GenAi_offi
403,1749120434216566784,1663269489515872267,trxnol1,GenAi_offi
404,1713743058305769472,1655884680665636864,tamaw8604,KarenScofi21001
405,1713743058305769472,1663269489515872267,tamaw8604,GenAi_offi
406,1713743058305769472,1663269489515872267,tamaw8604,GenAi_offi
407,1713743058305769472,1663269489515872267,tamaw8604,GenAi_offi
408,1713743058305769472,1663269489515872267,tamaw8604,GenAi_offi
409,1713743058305769472,1663269489515872267,tamaw8604,GenAi_offi
410,1713743058305769472,1663269489515872267,tamaw8604,GenAi_offi
411,1608836047986896896,1655884680665636864,wahyypp45,KarenScofi21001
412,1608836047986896896,1663269489515872267,wahyypp45,GenAi_offi
413,1608836047986896896,1663269489515872267,wahyypp45,GenAi_offi
414,1608836047986896896,1663269489515872267,wahyypp45,GenAi_offi
415,1608836047986896896,1663269489515872267,wahyypp45,GenAi_offi
416,1608836047986896896,1663269489515872267,wahyypp45,GenAi_offi
417,1608836047986896896,1663269489515872267,wahyypp45,GenAi_offi
418,1713751452823547904,1655884680665636864,zona6137,KarenScofi21001
419,1713751452823547904,1663269489515872267,zona6137,GenAi_offi
420,1713751452823547904,1663269489515872267,zona6137,GenAi_offi
421,1713751452823547904,1663269489515872267,zona6137,GenAi_offi
422,1713751452823547904,1663269489515872267,zona6137,GenAi_offi
423,1713751452823547904,1663269489515872267,zona6137,GenAi_offi
424,1713751452823547904,1663269489515872267,zona6137,GenAi_offi
425,1713750771349786624,1655884680665636864,angga_seb,KarenScofi21001
426,1713750771349786624,1663269489515872267,angga_seb,GenAi_offi
427,1713750771349786624,1663269489515872267,angga_seb,GenAi_offi
428,1713750771349786624,1663269489515872267,angga_seb,GenAi_offi
429,1713750771349786624,1663269489515872267,angga_seb,GenAi_offi
430,1713750771349786624,1663269489515872267,angga_seb,GenAi_offi
431,1713750771349786624,1663269489515872267,angga_seb,GenAi_offi
432,1722726538053914624,1663269489515872267,DeFiNaviga64330,GenAi_offi
433,1722726538053914624,1663269489515872267,DeFiNaviga64330,GenAi_offi
434,1722726538053914624,1663269489515872267,DeFiNaviga64330,GenAi_offi
435,1722726538053914624,1663269489515872267,DeFiNaviga64330,GenAi_offi
436,1722726538053914624,1663269489515872267,DeFiNaviga64330,GenAi_offi
437,1722726538053914624,1663269489515872267,DeFiNaviga64330,GenAi_offi
438,75449084,4909401,Feltics_uf,VoQn
439,1727508957147668480,1726566615846993920,Blockchain63739,Daniel991877033
440,1727508957147668480,1486323629554286604,Blockchain63739,Laika_ai
441,2344050613,1707405988624502784,jarboys,Paco_WTB
442,109813602,1318985240,architect_pub,DataScienceDojo
443,1756236363584933888,1655884680665636864,MutiAldi16172,KarenScofi21001
444,1756236363584933888,1663269489515872267,MutiAldi16172,GenAi_offi
445,1756236363584933888,1663269489515872267,MutiAldi16172,GenAi_offi
446,1756236363584933888,1663269489515872267,MutiAldi16172,GenAi_offi
447,1756236363584933888,1663269489515872267,MutiAldi16172,GenAi_offi
448,1756236363584933888,1663269489515872267,MutiAldi16172,GenAi_offi
449,1756236363584933888,1663269489515872267,MutiAldi16172,GenAi_offi
450,1761324607938977792,1655884680665636864,hdhahri316,KarenScofi21001
451,1761324607938977792,1663269489515872267,hdhahri316,GenAi_offi
452,1761324607938977792,1663269489515872267,hdhahri316,GenAi_offi
453,1761324607938977792,1663269489515872267,hdhahri316,GenAi_offi
454,1761324607938977792,1663269489515872267,hdhahri316,GenAi_offi
455,1761324607938977792,1663269489515872267,hdhahri316,GenAi_offi
456,1761324607938977792,1663269489515872267,hdhahri316,GenAi_offi
457,1761325306496077824,1655884680665636864,trianap010,KarenScofi21001
458,1761325306496077824,1663269489515872267,trianap010,GenAi_offi
459,1761325306496077824,1663269489515872267,trianap010,GenAi_offi
460,1761325306496077824,1663269489515872267,trianap010,GenAi_offi
461,1761325306496077824,1663269489515872267,trianap010,GenAi_offi
462,1761325306496077824,1663269489515872267,trianap010,GenAi_offi
463,1761325306496077824,1663269489515872267,trianap010,GenAi_offi
464,2653204398,227528138,TupolovK,bilawalsidhu
465,1355369503,398029430,davidjmaireles,SiliconVlyBank
466,1761325803831488512,1655884680665636864,agustinfamela2,KarenScofi21001
467,1761325803831488512,1663269489515872267,agustinfamela2,GenAi_offi
468,1761325803831488512,1663269489515872267,agustinfamela2,GenAi_offi
469,1761325803831488512,1663269489515872267,agustinfamela2,GenAi_offi
470,1761325803831488512,1663269489515872267,agustinfamela2,GenAi_offi
471,1761325803831488512,1663269489515872267,agustinfamela2,GenAi_offi
472,1761325803831488512,1663269489515872267,agustinfamela2,GenAi_offi
473,1761325803831488512,1663269489515872267,agustinfamela2,GenAi_offi
474,1761325803831488512,1663269489515872267,agustinfamela2,GenAi_offi
475,1761325803831488512,1663269489515872267,agustinfamela2,GenAi_offi
476,1761325803831488512,1663269489515872267,agustinfamela2,GenAi_offi
477,1761325803831488512,1663269489515872267,agustinfamela2,GenAi_offi
478,1761325803831488512,1663269489515872267,agustinfamela2,GenAi_offi
479,1761326794073157632,1655884680665636864,gs3265078,KarenScofi21001
480,1761326794073157632,1663269489515872267,gs3265078,GenAi_offi
481,1761326794073157632,1663269489515872267,gs3265078,GenAi_offi
482,1761326794073157632,1663269489515872267,gs3265078,GenAi_offi
483,1761326794073157632,1663269489515872267,gs3265078,GenAi_offi
484,1761326794073157632,1663269489515872267,gs3265078,GenAi_offi
485,1761326794073157632,1663269489515872267,gs3265078,GenAi_offi
486,1761326794073157632,1663269489515872267,gs3265078,GenAi_offi
487,1761326794073157632,1663269489515872267,gs3265078,GenAi_offi
488,1761326794073157632,1663269489515872267,gs3265078,GenAi_offi
489,1761326794073157632,1663269489515872267,gs3265078,GenAi_offi
490,1761326794073157632,1663269489515872267,gs3265078,GenAi_offi
491,1761326794073157632,1663269489515872267,gs3265078,GenAi_offi
492,1761326794073157632,1663269489515872267,gs3265078,GenAi_offi
493,1761326794073157632,1663269489515872267,gs3265078,GenAi_offi
494,1761326794073157632,1663269489515872267,gs3265078,GenAi_offi
495,1761326794073157632,1663269489515872267,gs3265078,GenAi_offi
496,1761326794073157632,1663269489515872267,gs3265078,GenAi_offi
497,1761326794073157632,1663269489515872267,gs3265078,GenAi_offi
498,1642573995584135168,1001114465692200960,antmatrosov,runwayml
499,1740816840463450112,1663269489515872267,MisionaszElmet,GenAi_offi
500,1740816840463450112,1663269489515872267,MisionaszElmet,GenAi_offi
501,1740816840463450112,1663269489515872267,MisionaszElmet,GenAi_offi
502,1740816840463450112,1663269489515872267,MisionaszElmet,GenAi_offi
503,1740816840463450112,1663269489515872267,MisionaszElmet,GenAi_offi
504,1740816840463450112,1663269489515872267,MisionaszElmet,GenAi_offi
505,1740816840463450112,1663269489515872267,MisionaszElmet,GenAi_offi
506,1740816840463450112,1663269489515872267,MisionaszElmet,GenAi_offi
507,1740816840463450112,1663269489515872267,MisionaszElmet,GenAi_offi
508,1740816840463450112,1663269489515872267,MisionaszElmet,GenAi_offi
509,1740816840463450112,1663269489515872267,MisionaszElmet,GenAi_offi
510,1740816840463450112,1663269489515872267,MisionaszElmet,GenAi_offi
511,1755648196234072064,1755648196234072064,blogsandvideos,blogsandvideos
512,1755648196234072064,1755648196234072064,blogsandvideos,blogsandvideos
513,1755648196234072064,1755648196234072064,blogsandvideos,blogsandvideos
514,1755648196234072064,1755648196234072064,blogsandvideos,blogsandvideos
515,1477206974949474304,86916604,backupmyspare,k33g_org
516,1477206974949474304,1688410127378829312,backupmyspare,ollama
517,1477206974949474304,1589007443853340672,backupmyspare,LangChainAI
518,1477206974949474304,1012486837384835072,backupmyspare,streamlit
519,1107045380569468928,68433676,CodementorJS,CatherineAdenle
520,1107045380569468928,68433676,CodementorJS,CatherineAdenle
521,1107045380569468928,68433676,CodementorJS,CatherineAdenle
522,1107045380569468928,68433676,CodementorJS,CatherineAdenle
523,14441858,75778654,glaforge,meteatamel
524,1747920960513064960,20262641,maxmortillaro,GestaltIT
525,1747920960513064960,20262641,maxmortillaro,GestaltIT
526,1747920960513064960,20262641,maxmortillaro,GestaltIT
527,1747920960513064960,20262641,maxmortillaro,GestaltIT
528,1747920960513064960,20262641,maxmortillaro,GestaltIT
529,1747920960513064960,20262641,maxmortillaro,GestaltIT
530,1747920960513064960,20262641,maxmortillaro,GestaltIT
531,1747920960513064960,20262641,maxmortillaro,GestaltIT
532,1747920960513064960,157100804,maxmortillaro,NetworkingNerd
533,1747920960513064960,157100804,maxmortillaro,NetworkingNerd
534,1747920960513064960,1747920960513064960,maxmortillaro,maxmortillaro
535,1747920960513064960,1747920960513064960,maxmortillaro,maxmortillaro
536,1747920960513064960,1747920960513064960,maxmortillaro,maxmortillaro
537,1747920960513064960,1747920960513064960,maxmortillaro,maxmortillaro
538,1747920960513064960,995848285,maxmortillaro,nginx
539,1747920960513064960,995848285,maxmortillaro,nginx
540,61682899,1663269489515872267,DJGizmo313,GenAi_offi
541,61682899,1663269489515872267,DJGizmo313,GenAi_offi
542,61682899,1663269489515872267,DJGizmo313,GenAi_offi
543,61682899,1663269489515872267,DJGizmo313,GenAi_offi
544,61682899,1663269489515872267,DJGizmo313,GenAi_offi
545,61682899,1663269489515872267,DJGizmo313,GenAi_offi
546,61682899,1663269489515872267,DJGizmo313,GenAi_offi
547,61682899,1663269489515872267,DJGizmo313,GenAi_offi
548,61682899,1663269489515872267,DJGizmo313,GenAi_offi
549,61682899,1663269489515872267,DJGizmo313,GenAi_offi
550,61682899,1663269489515872267,DJGizmo313,GenAi_offi
551,61682899,1663269489515872267,DJGizmo313,GenAi_offi
552,2565272879,1695747124649168896,southland_k,StevenEth26
553,2565272879,1695747124649168896,southland_k,StevenEth26
554,1758002155800449024,1695747124649168896,CryptoShark26,StevenEth26
555,1758002155800449024,1695747124649168896,CryptoShark26,StevenEth26
556,1026282399511064576,385516911,tacaxima,TheAbbeyRoadie
557,3155315098,385516911,Joy_of_Joy,TheAbbeyRoadie
558,273239400,17282261,tomkornblit,marketingking4
559,1650086367844524032,94616097,EdwardKens50830,MSFTTelco
560,936023434919677952,19186720,GoogleCloud_UKI,WPP
561,1757382147453947904,1695747124649168896,AngelCryptoET,StevenEth26
562,1757382147453947904,1695747124649168896,AngelCryptoET,StevenEth26
563,1687064386324549632,2355801826,agezzzie,stratejake
564,1058063563204501504,204406420,INemmed,kortizart
565,1727702029596848128,1695747124649168896,themaintitan,StevenEth26
566,1727702029596848128,1695747124649168896,themaintitan,StevenEth26
567,15450538,171827760,shuvogr,Mphasis
568,1756879242938478592,1695747124649168896,eth_eugine,StevenEth26
569,1756879242938478592,1695747124649168896,eth_eugine,StevenEth26
570,1759306724966543360,1663269489515872267,erdnax78ela,GenAi_offi
571,1759306724966543360,1663269489515872267,erdnax78ela,GenAi_offi
572,1759306724966543360,1663269489515872267,erdnax78ela,GenAi_offi
573,1759306724966543360,1663269489515872267,erdnax78ela,GenAi_offi
574,1759306724966543360,1663269489515872267,erdnax78ela,GenAi_offi
575,1759306724966543360,1663269489515872267,erdnax78ela,GenAi_offi
576,1759306724966543360,1663269489515872267,erdnax78ela,GenAi_offi
577,1759306724966543360,1663269489515872267,erdnax78ela,GenAi_offi
578,1759306724966543360,1663269489515872267,erdnax78ela,GenAi_offi
579,1759306724966543360,1663269489515872267,erdnax78ela,GenAi_offi
580,1759306724966543360,1663269489515872267,erdnax78ela,GenAi_offi
581,1759306724966543360,1663269489515872267,erdnax78ela,GenAi_offi
582,1526580434695401472,236655906,khunaaguero,_ranituran
583,301559050,800272760,pacoestrada77,OpenExpoEurope
584,301559050,800272760,pacoestrada77,OpenExpoEurope
585,301559050,800272760,pacoestrada77,OpenExpoEurope
586,301559050,800272760,pacoestrada77,OpenExpoEurope
587,301559050,61206148,pacoestrada77,DonDominio
588,301559050,800272760,pacoestrada77,OpenExpoEurope
589,301559050,800272760,pacoestrada77,OpenExpoEurope
590,301559050,800272760,pacoestrada77,OpenExpoEurope
591,301559050,800272760,pacoestrada77,OpenExpoEurope
592,1746784720954732544,973118649115529216,Alghorhythm,SocialPilotPro
593,85295176,17189369,PoolParty_Team,semwebcompany
594,85295176,6233982,PoolParty_Team,ABLVienna
595,1747636550102286336,31453920,EdTechIH,Skillsoft
596,826794224,236655906,_zulfikar_rn,_ranituran
597,1756882187209920512,1695747124649168896,RenoAIETH,StevenEth26
598,1756882187209920512,1695747124649168896,RenoAIETH,StevenEth26
599,1695747124649168896,1727817278467784704,StevenEth26,kreaitorAI
600,1695747124649168896,1727817278467784704,StevenEth26,kreaitorAI
601,988341318572236800,385516911,DiegoLder1,TheAbbeyRoadie
602,2346975594,385516911,RatchazeInferno,TheAbbeyRoadie
603,2923411356,491425942,Omkar_Raii,Jefferies
604,791674618473885696,1727585113888972800,webdesigner_mr,gbsfxJpGtc97296
605,791674618473885696,1198061112245157888,webdesigner_mr,itigotokinako
606,791674618473885696,222212017,webdesigner_mr,NOMORE_genAI_85
607,1544191975,224026589,profeta2070,Nose_Wooden
608,1711368235663450112,1663269489515872267,kai_dai20905,GenAi_offi
609,1711368235663450112,1663269489515872267,kai_dai20905,GenAi_offi
610,1711368235663450112,1663269489515872267,kai_dai20905,GenAi_offi
611,1711368235663450112,1663269489515872267,kai_dai20905,GenAi_offi
612,1711368235663450112,1663269489515872267,kai_dai20905,GenAi_offi
613,1711368235663450112,1663269489515872267,kai_dai20905,GenAi_offi
614,2957570446,204406420,Kerberrage,kortizart
615,1687653459666104320,1663269489515872267,RoswatiAni,GenAi_offi
616,1687653459666104320,1663269489515872267,RoswatiAni,GenAi_offi
617,1687653459666104320,1663269489515872267,RoswatiAni,GenAi_offi
618,1687653459666104320,1663269489515872267,RoswatiAni,GenAi_offi
619,1687653459666104320,1663269489515872267,RoswatiAni,GenAi_offi
620,1687653459666104320,1663269489515872267,RoswatiAni,GenAi_offi
621,1687653459666104320,1663269489515872267,RoswatiAni,GenAi_offi
622,1687653459666104320,1663269489515872267,RoswatiAni,GenAi_offi
623,1687653459666104320,1663269489515872267,RoswatiAni,GenAi_offi
624,1687653459666104320,1663269489515872267,RoswatiAni,GenAi_offi
625,1687653459666104320,1663269489515872267,RoswatiAni,GenAi_offi
626,1687653459666104320,1663269489515872267,RoswatiAni,GenAi_offi
627,1755547457688150016,1663269489515872267,xwsZERO,GenAi_offi
628,1755547457688150016,1663269489515872267,xwsZERO,GenAi_offi
629,1755547457688150016,1663269489515872267,xwsZERO,GenAi_offi
630,1755547457688150016,1663269489515872267,xwsZERO,GenAi_offi
631,1755547457688150016,1663269489515872267,xwsZERO,GenAi_offi
632,1755547457688150016,1663269489515872267,xwsZERO,GenAi_offi
633,341382353,1727585113888972800,tttttttttsasddy,gbsfxJpGtc97296
634,341382353,1198061112245157888,tttttttttsasddy,itigotokinako
635,341382353,222212017,tttttttttsasddy,NOMORE_genAI_85
636,1734293807179669504,1663269489515872267,Salmi143126,GenAi_offi
637,1734293807179669504,1663269489515872267,Salmi143126,GenAi_offi
638,1734293807179669504,1663269489515872267,Salmi143126,GenAi_offi
639,1734293807179669504,1663269489515872267,Salmi143126,GenAi_offi
640,1734293807179669504,1663269489515872267,Salmi143126,GenAi_offi
641,1734293807179669504,1663269489515872267,Salmi143126,GenAi_offi
642,1574348598493425664,1452908764055568384,leon_shikder3,choc07_
643,11282,191778246,cyberandy,dawnieando
644,1733610497256390656,1663269489515872267,Entertainm54449,GenAi_offi
645,1733610497256390656,1663269489515872267,Entertainm54449,GenAi_offi
646,1733610497256390656,1663269489515872267,Entertainm54449,GenAi_offi
647,1733610497256390656,1663269489515872267,Entertainm54449,GenAi_offi
648,1733610497256390656,1663269489515872267,Entertainm54449,GenAi_offi
649,1733610497256390656,1663269489515872267,Entertainm54449,GenAi_offi
650,1733610497256390656,1663269489515872267,Entertainm54449,GenAi_offi
651,1733610497256390656,1663269489515872267,Entertainm54449,GenAi_offi
652,1733610497256390656,1663269489515872267,Entertainm54449,GenAi_offi
653,1733610497256390656,1663269489515872267,Entertainm54449,GenAi_offi
654,1733610497256390656,1663269489515872267,Entertainm54449,GenAi_offi
655,1733610497256390656,1663269489515872267,Entertainm54449,GenAi_offi
656,1733610497256390656,1663269489515872267,Entertainm54449,GenAi_offi
657,1733610497256390656,1663269489515872267,Entertainm54449,GenAi_offi
658,1733610497256390656,1663269489515872267,Entertainm54449,GenAi_offi
659,1733610497256390656,1663269489515872267,Entertainm54449,GenAi_offi
660,1733610497256390656,1663269489515872267,Entertainm54449,GenAi_offi
661,1733610497256390656,1663269489515872267,Entertainm54449,GenAi_offi
662,1673669908289159168,1479901548209655808,96Nargis,BrnMetaverse
663,1338062287798677504,1665523480903794689,crypt_archangel,Fred_ManeCodex
664,1338062287798677504,1333533748072165376,crypt_archangel,Overdose_AI
665,1338062287798677504,1262310775437344768,crypt_archangel,TheManeToken
666,70363818,800272760,philippelardy,OpenExpoEurope
667,70363818,800272760,philippelardy,OpenExpoEurope
668,70363818,800272760,philippelardy,OpenExpoEurope
669,70363818,800272760,philippelardy,OpenExpoEurope
670,70363818,61206148,philippelardy,DonDominio
671,70363818,800272760,philippelardy,OpenExpoEurope
672,70363818,800272760,philippelardy,OpenExpoEurope
673,70363818,800272760,philippelardy,OpenExpoEurope
674,70363818,800272760,philippelardy,OpenExpoEurope
675,2362341571,204406420,CienciaxPueblo,kortizart
676,445812564,204406420,Shadzte,kortizart
677,1418272008,1156482001,charliehahahaha,JonLamArt
678,743020727226519552,22146921,hafidhsoekma,fly51fly
679,1714921674813100032,1663269489515872267,morpheus02_sol,GenAi_offi
680,1714921674813100032,1663269489515872267,morpheus02_sol,GenAi_offi
681,1714921674813100032,1663269489515872267,morpheus02_sol,GenAi_offi
682,1714921674813100032,1663269489515872267,morpheus02_sol,GenAi_offi
683,1714921674813100032,1663269489515872267,morpheus02_sol,GenAi_offi
684,1714921674813100032,1663269489515872267,morpheus02_sol,GenAi_offi
685,3362930975,937541436668461056,fouriergalois,YugeTen
686,3362930975,937541436668461056,fouriergalois,YugeTen
687,204912699,416406628,Start_Sister,MarwaTechSpot
688,937541436668461056,4783690002,YugeTen,GoogleDeepMind
689,937541436668461056,4783690002,YugeTen,GoogleDeepMind
690,2612168150,84623395,EuginaJordan,Qualcomm
691,2612168150,84623395,EuginaJordan,Qualcomm
692,2612168150,59889953,EuginaJordan,Verizon
693,1695650564883787776,1695650564883787776,FatmaMahmo65208,FatmaMahmo65208
694,1695650564883787776,1695650564883787776,FatmaMahmo65208,FatmaMahmo65208
695,1695650564883787776,1695650564883787776,FatmaMahmo65208,FatmaMahmo65208
696,1695650564883787776,1695650564883787776,FatmaMahmo65208,FatmaMahmo65208
697,1745765096171663360,1675867198001143810,favourite131,NIKII_CMT
698,1745765096171663360,1655515363428249600,favourite131,ladyinbloom_CMT
699,1745765096171663360,1675867198001143810,favourite131,NIKII_CMT
700,138987961,16930883,MrRevOps,nathanbarry
701,138987961,16930883,MrRevOps,nathanbarry
702,1762051571981135872,1636022857145925632,xun_shi7000,zippychain
703,1342042220283588608,976503230489178113,MyGateApp,DomainFQ
704,1342042220283588608,976503230489178113,MyGateApp,DomainFQ
705,1342042220283588608,976503230489178113,MyGateApp,DomainFQ
706,75535021,558533894,cagrisarigoz,ChrisNPI
707,75535021,558533894,cagrisarigoz,ChrisNPI
708,75535021,75535021,cagrisarigoz,cagrisarigoz
709,75535021,75535021,cagrisarigoz,cagrisarigoz
710,75535021,75535021,cagrisarigoz,cagrisarigoz
711,75535021,75535021,cagrisarigoz,cagrisarigoz
712,1688972463110283264,1750165081344675840,MitziCalamba,worgit183124
713,1688972463110283264,1750165081344675840,MitziCalamba,worgit183124
714,357586500,84623395,GSMAPolicy,Qualcomm
715,357586500,84623395,GSMAPolicy,Qualcomm
716,90442421,101970219,miguelnui,Gil_Bashe
717,90442421,495032753,miguelnui,WearablesExpert
718,90442421,852773290229641216,miguelnui,AndersenLabs
719,183181723,1350746466,networkingplus,TheFastMode
720,183181723,1350746466,networkingplus,TheFastMode
721,183181723,107364486,networkingplus,subex
722,1725109596690194432,1565621241507192832,mikewashousekey,B3efy22
723,1725109596690194432,1565621241507192832,mikewashousekey,B3efy22
724,1725109596690194432,2652239532,mikewashousekey,Ledger
725,1725109596690194432,2652239532,mikewashousekey,Ledger
726,85682147,236655906,sahrmael,_ranituran
727,1756363402124107776,1406764656253759490,SValentineX7,BharathamJaya
728,1756363402124107776,1221353787656261632,SValentineX7,DivaJain2
729,1732342207930101760,1163210508067049479,itsmecryptolisa,__sparrk
730,1732342207930101760,775658150179508224,itsmecryptolisa,iEx_ec
731,1732342207930101760,775658150179508224,itsmecryptolisa,iEx_ec
732,3021720604,13058772,TopCoach4You,LinkedIn
733,820977511714549760,1462947560847458311,HosikuzuAlice,MewuMeKVi
734,1315682096392933376,1659383676998672386,rbuntu1,ethdegen0x
735,1375127696,18080585,alexnikhit007,MongoDB
736,1375127696,18080585,alexnikhit007,MongoDB
737,1375127696,18080585,alexnikhit007,MongoDB
738,1375127696,18080585,alexnikhit007,MongoDB
739,886238887634513920,1663269489515872267,nef_van,GenAi_offi
740,886238887634513920,1663269489515872267,nef_van,GenAi_offi
741,886238887634513920,1663269489515872267,nef_van,GenAi_offi
742,886238887634513920,1663269489515872267,nef_van,GenAi_offi
743,886238887634513920,1663269489515872267,nef_van,GenAi_offi
744,886238887634513920,1663269489515872267,nef_van,GenAi_offi
745,886238887634513920,1663269489515872267,nef_van,GenAi_offi
746,886238887634513920,1663269489515872267,nef_van,GenAi_offi
747,886238887634513920,1663269489515872267,nef_van,GenAi_offi
748,886238887634513920,1663269489515872267,nef_van,GenAi_offi
749,886238887634513920,1663269489515872267,nef_van,GenAi_offi
750,886238887634513920,1663269489515872267,nef_van,GenAi_offi
751,1712465051138117632,3041911969,sparksocial_io,recoilnd
752,1712465051138117632,1215770049018884102,sparksocial_io,ellipsi_music
753,1626061358419648512,1603696902004146176,cryptokong19n1,Rajeshk7523
754,97963506,1658789968314265601,ArmansyahArif,AINN_BRC20
755,97963506,1400391752368992260,ArmansyahArif,Web3WithBinance
756,400758901,1663269489515872267,vince013000,GenAi_offi
757,400758901,1663269489515872267,vince013000,GenAi_offi
758,400758901,1663269489515872267,vince013000,GenAi_offi
759,400758901,1663269489515872267,vince013000,GenAi_offi
760,400758901,1663269489515872267,vince013000,GenAi_offi
761,400758901,1663269489515872267,vince013000,GenAi_offi
762,400758901,1663269489515872267,vince013000,GenAi_offi
763,400758901,1663269489515872267,vince013000,GenAi_offi
764,400758901,1663269489515872267,vince013000,GenAi_offi
765,400758901,1663269489515872267,vince013000,GenAi_offi
766,400758901,1663269489515872267,vince013000,GenAi_offi
767,400758901,1663269489515872267,vince013000,GenAi_offi
768,1565621241507192832,2652239532,B3efy22,Ledger
769,1565621241507192832,2652239532,B3efy22,Ledger
770,1565621241507192832,2652239532,B3efy22,Ledger
771,1565621241507192832,2652239532,B3efy22,Ledger
772,1565621241507192832,1520136690618318848,B3efy22,DeepmindAI_ETH
773,1565621241507192832,1520136690618318848,B3efy22,DeepmindAI_ETH
774,3402409643,2225585166,Darejimoh23,McjehDigital
775,1750167897995919360,1747677951234027520,Solamanator,Rosnet_Ai
776,647043,1603696902004146176,androm,Rajeshk7523
777,1718286731898740736,20884310,gurushinbt,TimDraper
778,1718286731898740736,3916632674,gurushinbt,drapervc
779,1718286731898740736,961394587150331904,gurushinbt,otter_ai
780,1540158620,1729106934685691904,MathurAnoop,cxocapital
781,1063436289989640192,2965063214,usergrowth,Streetwisejnl
782,1379482741163630592,1623389417552355330,LordMogorCrypto,bullishbestie
783,1379482741163630592,2738087632,LordMogorCrypto,CryptoThro
784,1379482741163630592,2738087632,LordMogorCrypto,CryptoThro
785,1379482741163630592,2738087632,LordMogorCrypto,CryptoThro
786,1379482741163630592,2738087632,LordMogorCrypto,CryptoThro
787,1705657440480460800,1623389417552355330,WSBSBULL,bullishbestie
788,1705657440480460800,2738087632,WSBSBULL,CryptoThro
789,1705657440480460800,2738087632,WSBSBULL,CryptoThro
790,1705657440480460800,2738087632,WSBSBULL,CryptoThro
791,1705657440480460800,2738087632,WSBSBULL,CryptoThro
792,3298235893,21896072,yptLJiTLSOhtuUe,semrush
793,3081105082,21896072,tIZeynzECmXZDuM,semrush
794,1750185608473886720,1675383611120553984,SoundInten91632,aZen_Dao
795,1750185608473886720,1663269489515872267,SoundInten91632,GenAi_offi
796,1750185608473886720,1663269489515872267,SoundInten91632,GenAi_offi
797,1750185608473886720,1663269489515872267,SoundInten91632,GenAi_offi
798,1750185608473886720,1663269489515872267,SoundInten91632,GenAi_offi
799,1750185608473886720,1663269489515872267,SoundInten91632,GenAi_offi
800,1750185608473886720,1663269489515872267,SoundInten91632,GenAi_offi
801,31694410,3431161163,acnnewswire,CleverTap
802,31694410,603880251,acnnewswire,Zoomcar_India
803,1454237290016903168,204406420,Meridays24,kortizart
804,800272760,800272760,OpenExpoEurope,OpenExpoEurope
805,800272760,800272760,OpenExpoEurope,OpenExpoEurope
806,800272760,800272760,OpenExpoEurope,OpenExpoEurope
807,800272760,800272760,OpenExpoEurope,OpenExpoEurope
808,800272760,800272760,OpenExpoEurope,OpenExpoEurope
809,800272760,800272760,OpenExpoEurope,OpenExpoEurope
810,800272760,800272760,OpenExpoEurope,OpenExpoEurope
811,800272760,800272760,OpenExpoEurope,OpenExpoEurope
812,800272760,800272760,OpenExpoEurope,OpenExpoEurope
813,800272760,800272760,OpenExpoEurope,OpenExpoEurope
814,800272760,800272760,OpenExpoEurope,OpenExpoEurope
815,800272760,800272760,OpenExpoEurope,OpenExpoEurope
816,800272760,800272760,OpenExpoEurope,OpenExpoEurope
817,800272760,800272760,OpenExpoEurope,OpenExpoEurope
818,800272760,800272760,OpenExpoEurope,OpenExpoEurope
819,800272760,800272760,OpenExpoEurope,OpenExpoEurope
820,800272760,1174185820523237378,OpenExpoEurope,mypublicinbox
821,800272760,1174185820523237378,OpenExpoEurope,mypublicinbox
822,800272760,1174185820523237378,OpenExpoEurope,mypublicinbox
823,800272760,1174185820523237378,OpenExpoEurope,mypublicinbox
824,1092549698945200128,21896072,IMTrainingPara1,semrush
825,1744318949141934080,1060969824522850304,CryptoMoonex,RippleRiddler1
826,1744318949141934080,1755030674380136448,CryptoMoonex,coreaione
827,1744318949141934080,1703450155863732224,CryptoMoonex,codex_token
828,1744318949141934080,1703450155863732224,CryptoMoonex,codex_token
829,1744318949141934080,1703450155863732224,CryptoMoonex,codex_token
830,1744318949141934080,1703450155863732224,CryptoMoonex,codex_token
831,1744318949141934080,1703450155863732224,CryptoMoonex,codex_token
832,1744318949141934080,1703450155863732224,CryptoMoonex,codex_token
833,1744318949141934080,1703450155863732224,CryptoMoonex,codex_token
834,1744318949141934080,1703450155863732224,CryptoMoonex,codex_token
835,1744318949141934080,1703450155863732224,CryptoMoonex,codex_token
836,1744318949141934080,1703450155863732224,CryptoMoonex,codex_token
837,1744318949141934080,1703450155863732224,CryptoMoonex,codex_token
838,1744318949141934080,1703450155863732224,CryptoMoonex,codex_token
839,1744318949141934080,1703450155863732224,CryptoMoonex,codex_token
840,1744318949141934080,1703450155863732224,CryptoMoonex,codex_token
841,1744318949141934080,1703450155863732224,CryptoMoonex,codex_token
842,1744318949141934080,1703450155863732224,CryptoMoonex,codex_token
843,1744318949141934080,2815661158,CryptoMoonex,Gemini
844,1744318949141934080,1703450155863732224,CryptoMoonex,codex_token
845,1744318949141934080,1703450155863732224,CryptoMoonex,codex_token
846,1744318949141934080,1703450155863732224,CryptoMoonex,codex_token
847,1744318949141934080,1703450155863732224,CryptoMoonex,codex_token
848,1744318949141934080,1703450155863732224,CryptoMoonex,codex_token
849,1744318949141934080,1703450155863732224,CryptoMoonex,codex_token
850,1744318949141934080,1703450155863732224,CryptoMoonex,codex_token
851,1744318949141934080,1703450155863732224,CryptoMoonex,codex_token
852,1744318949141934080,1703450155863732224,CryptoMoonex,codex_token
853,1744318949141934080,1703450155863732224,CryptoMoonex,codex_token
854,1744318949141934080,1703450155863732224,CryptoMoonex,codex_token
855,1744318949141934080,1703450155863732224,CryptoMoonex,codex_token
856,1744318949141934080,1703450155863732224,CryptoMoonex,codex_token
857,1744318949141934080,1703450155863732224,CryptoMoonex,codex_token
858,1744318949141934080,1703450155863732224,CryptoMoonex,codex_token
859,1744318949141934080,1703450155863732224,CryptoMoonex,codex_token
860,1744318949141934080,1472258529801216000,CryptoMoonex,Thecryptolord_
861,1744318949141934080,1703450155863732224,CryptoMoonex,codex_token
862,1744318949141934080,1703450155863732224,CryptoMoonex,codex_token
863,1744318949141934080,1703450155863732224,CryptoMoonex,codex_token
864,1744318949141934080,1703450155863732224,CryptoMoonex,codex_token
865,1744318949141934080,1703450155863732224,CryptoMoonex,codex_token
866,1744318949141934080,1703450155863732224,CryptoMoonex,codex_token
867,1744318949141934080,1703450155863732224,CryptoMoonex,codex_token
868,1744318949141934080,1703450155863732224,CryptoMoonex,codex_token
869,1744318949141934080,1703450155863732224,CryptoMoonex,codex_token
870,1744318949141934080,1703450155863732224,CryptoMoonex,codex_token
871,1744318949141934080,1703450155863732224,CryptoMoonex,codex_token
872,1744318949141934080,1703450155863732224,CryptoMoonex,codex_token
873,1744318949141934080,1703450155863732224,CryptoMoonex,codex_token
874,1744318949141934080,1703450155863732224,CryptoMoonex,codex_token
875,1744318949141934080,1703450155863732224,CryptoMoonex,codex_token
876,1744318949141934080,1703450155863732224,CryptoMoonex,codex_token
877,1744318949141934080,958750409232961536,CryptoMoonex,BlocksNThoughts
878,1744318949141934080,1703450155863732224,CryptoMoonex,codex_token
879,1744318949141934080,1703450155863732224,CryptoMoonex,codex_token
880,1744318949141934080,1703450155863732224,CryptoMoonex,codex_token
881,1744318949141934080,1703450155863732224,CryptoMoonex,codex_token
882,1744318949141934080,1703450155863732224,CryptoMoonex,codex_token
883,1744318949141934080,1703450155863732224,CryptoMoonex,codex_token
884,1744318949141934080,1703450155863732224,CryptoMoonex,codex_token
885,1744318949141934080,1703450155863732224,CryptoMoonex,codex_token
886,1744318949141934080,1703450155863732224,CryptoMoonex,codex_token
887,1744318949141934080,1703450155863732224,CryptoMoonex,codex_token
888,1744318949141934080,1703450155863732224,CryptoMoonex,codex_token
889,1744318949141934080,1703450155863732224,CryptoMoonex,codex_token
890,1744318949141934080,1703450155863732224,CryptoMoonex,codex_token
891,1744318949141934080,1703450155863732224,CryptoMoonex,codex_token
892,1744318949141934080,1703450155863732224,CryptoMoonex,codex_token
893,1744318949141934080,1703450155863732224,CryptoMoonex,codex_token
894,1744318949141934080,1387715316621348867,CryptoMoonex,CryptoZeusYT
895,1744318949141934080,1703450155863732224,CryptoMoonex,codex_token
896,1744318949141934080,1703450155863732224,CryptoMoonex,codex_token
897,1744318949141934080,1703450155863732224,CryptoMoonex,codex_token
898,1744318949141934080,1703450155863732224,CryptoMoonex,codex_token
899,1744318949141934080,1703450155863732224,CryptoMoonex,codex_token
900,1744318949141934080,1703450155863732224,CryptoMoonex,codex_token
901,1744318949141934080,1703450155863732224,CryptoMoonex,codex_token
902,1744318949141934080,1703450155863732224,CryptoMoonex,codex_token
903,1744318949141934080,1703450155863732224,CryptoMoonex,codex_token
904,1744318949141934080,1703450155863732224,CryptoMoonex,codex_token
905,1744318949141934080,1703450155863732224,CryptoMoonex,codex_token
906,1744318949141934080,1703450155863732224,CryptoMoonex,codex_token
907,1744318949141934080,1703450155863732224,CryptoMoonex,codex_token
908,1744318949141934080,1703450155863732224,CryptoMoonex,codex_token
909,1744318949141934080,1703450155863732224,CryptoMoonex,codex_token
910,1744318949141934080,1703450155863732224,CryptoMoonex,codex_token
911,1744318949141934080,2738087632,CryptoMoonex,CryptoThro
912,1744318949141934080,2738087632,CryptoMoonex,CryptoThro
913,1744318949141934080,2738087632,CryptoMoonex,CryptoThro
914,1744318949141934080,2738087632,CryptoMoonex,CryptoThro
915,1744318949141934080,1703450155863732224,CryptoMoonex,codex_token
916,1744318949141934080,1703450155863732224,CryptoMoonex,codex_token
917,1744318949141934080,1703450155863732224,CryptoMoonex,codex_token
918,1744318949141934080,1703450155863732224,CryptoMoonex,codex_token
919,1744318949141934080,1703450155863732224,CryptoMoonex,codex_token
920,1744318949141934080,1703450155863732224,CryptoMoonex,codex_token
921,1744318949141934080,1703450155863732224,CryptoMoonex,codex_token
922,1744318949141934080,1703450155863732224,CryptoMoonex,codex_token
923,1744318949141934080,1703450155863732224,CryptoMoonex,codex_token
924,1744318949141934080,1703450155863732224,CryptoMoonex,codex_token
925,1744318949141934080,1703450155863732224,CryptoMoonex,codex_token
926,1744318949141934080,1703450155863732224,CryptoMoonex,codex_token
927,1744318949141934080,1703450155863732224,CryptoMoonex,codex_token
928,1744318949141934080,1703450155863732224,CryptoMoonex,codex_token
929,1744318949141934080,1703450155863732224,CryptoMoonex,codex_token
930,1744318949141934080,1703450155863732224,CryptoMoonex,codex_token
931,1744318949141934080,1360636645989441539,CryptoMoonex,AltGemHunter
932,1744318949141934080,1703450155863732224,CryptoMoonex,codex_token
933,1744318949141934080,1703450155863732224,CryptoMoonex,codex_token
934,1744318949141934080,1703450155863732224,CryptoMoonex,codex_token
935,1744318949141934080,1703450155863732224,CryptoMoonex,codex_token
936,1744318949141934080,1703450155863732224,CryptoMoonex,codex_token
937,1744318949141934080,1703450155863732224,CryptoMoonex,codex_token
938,1744318949141934080,1703450155863732224,CryptoMoonex,codex_token
939,1744318949141934080,1703450155863732224,CryptoMoonex,codex_token
940,1744318949141934080,1703450155863732224,CryptoMoonex,codex_token
941,1744318949141934080,1703450155863732224,CryptoMoonex,codex_token
942,1744318949141934080,1703450155863732224,CryptoMoonex,codex_token
943,1744318949141934080,1703450155863732224,CryptoMoonex,codex_token
944,1744318949141934080,1703450155863732224,CryptoMoonex,codex_token
945,1744318949141934080,1703450155863732224,CryptoMoonex,codex_token
946,1744318949141934080,1703450155863732224,CryptoMoonex,codex_token
947,1744318949141934080,1703450155863732224,CryptoMoonex,codex_token
948,1744318949141934080,1568227771,CryptoMoonex,SharksCoins
949,1744318949141934080,1703450155863732224,CryptoMoonex,codex_token
950,1744318949141934080,1703450155863732224,CryptoMoonex,codex_token
951,1744318949141934080,1703450155863732224,CryptoMoonex,codex_token
952,1744318949141934080,1703450155863732224,CryptoMoonex,codex_token
953,1744318949141934080,1703450155863732224,CryptoMoonex,codex_token
954,1744318949141934080,1703450155863732224,CryptoMoonex,codex_token
955,1744318949141934080,1703450155863732224,CryptoMoonex,codex_token
956,1744318949141934080,1703450155863732224,CryptoMoonex,codex_token
957,1744318949141934080,1703450155863732224,CryptoMoonex,codex_token
958,1744318949141934080,1703450155863732224,CryptoMoonex,codex_token
959,1744318949141934080,1703450155863732224,CryptoMoonex,codex_token
960,1744318949141934080,1703450155863732224,CryptoMoonex,codex_token
961,1744318949141934080,1703450155863732224,CryptoMoonex,codex_token
962,1744318949141934080,1703450155863732224,CryptoMoonex,codex_token
963,1744318949141934080,1703450155863732224,CryptoMoonex,codex_token
964,1744318949141934080,1703450155863732224,CryptoMoonex,codex_token
965,1744318949141934080,1406044556752195591,CryptoMoonex,Emrah53421977
966,1744318949141934080,1478483066490433541,CryptoMoonex,ShidoGlobal
967,1744318949141934080,1703450155863732224,CryptoMoonex,codex_token
968,1744318949141934080,1703450155863732224,CryptoMoonex,codex_token
969,1744318949141934080,1703450155863732224,CryptoMoonex,codex_token
970,1744318949141934080,1703450155863732224,CryptoMoonex,codex_token
971,1744318949141934080,1703450155863732224,CryptoMoonex,codex_token
972,1744318949141934080,1703450155863732224,CryptoMoonex,codex_token
973,1744318949141934080,1703450155863732224,CryptoMoonex,codex_token
974,1744318949141934080,1703450155863732224,CryptoMoonex,codex_token
975,1744318949141934080,1703450155863732224,CryptoMoonex,codex_token
976,1744318949141934080,1703450155863732224,CryptoMoonex,codex_token
977,1744318949141934080,1703450155863732224,CryptoMoonex,codex_token
978,1744318949141934080,1703450155863732224,CryptoMoonex,codex_token
979,1744318949141934080,1703450155863732224,CryptoMoonex,codex_token
980,1744318949141934080,1703450155863732224,CryptoMoonex,codex_token
981,1744318949141934080,1703450155863732224,CryptoMoonex,codex_token
982,1744318949141934080,1703450155863732224,CryptoMoonex,codex_token
983,1744318949141934080,1300755369241632769,CryptoMoonex,LSDinmysoul
984,1744318949141934080,1703450155863732224,CryptoMoonex,codex_token
985,1744318949141934080,1703450155863732224,CryptoMoonex,codex_token
986,1744318949141934080,1703450155863732224,CryptoMoonex,codex_token
987,1744318949141934080,1703450155863732224,CryptoMoonex,codex_token
988,1744318949141934080,1703450155863732224,CryptoMoonex,codex_token
989,1744318949141934080,1703450155863732224,CryptoMoonex,codex_token
990,1744318949141934080,1703450155863732224,CryptoMoonex,codex_token
991,1744318949141934080,1703450155863732224,CryptoMoonex,codex_token
992,1744318949141934080,1703450155863732224,CryptoMoonex,codex_token
993,1744318949141934080,1703450155863732224,CryptoMoonex,codex_token
994,1744318949141934080,1703450155863732224,CryptoMoonex,codex_token
995,1744318949141934080,1703450155863732224,CryptoMoonex,codex_token
996,1744318949141934080,1703450155863732224,CryptoMoonex,codex_token
997,1744318949141934080,1703450155863732224,CryptoMoonex,codex_token
998,1744318949141934080,1703450155863732224,CryptoMoonex,codex_token
999,1744318949141934080,1703450155863732224,CryptoMoonex,codex_token
1000,1744318949141934080,978566222282444800,CryptoMoonex,MEXC_Official
1001,1744318949141934080,1754140867559038976,CryptoMoonex,DeFrogsToken
1002,1744318949141934080,1703450155863732224,CryptoMoonex,codex_token
1003,1744318949141934080,1703450155863732224,CryptoMoonex,codex_token
1004,1744318949141934080,1703450155863732224,CryptoMoonex,codex_token
1005,1744318949141934080,1703450155863732224,CryptoMoonex,codex_token
1006,1744318949141934080,1703450155863732224,CryptoMoonex,codex_token
1007,1744318949141934080,1703450155863732224,CryptoMoonex,codex_token
1008,1744318949141934080,1703450155863732224,CryptoMoonex,codex_token
1009,1744318949141934080,1703450155863732224,CryptoMoonex,codex_token
1010,1744318949141934080,1703450155863732224,CryptoMoonex,codex_token
1011,1744318949141934080,1703450155863732224,CryptoMoonex,codex_token
1012,1744318949141934080,1703450155863732224,CryptoMoonex,codex_token
1013,1744318949141934080,1703450155863732224,CryptoMoonex,codex_token
1014,1744318949141934080,1703450155863732224,CryptoMoonex,codex_token
1015,1744318949141934080,1703450155863732224,CryptoMoonex,codex_token
1016,1744318949141934080,1703450155863732224,CryptoMoonex,codex_token
1017,1744318949141934080,1703450155863732224,CryptoMoonex,codex_token
1018,1744318949141934080,320042778,CryptoMoonex,web3moe
1019,1744318949141934080,1703450155863732224,CryptoMoonex,codex_token
1020,1744318949141934080,1703450155863732224,CryptoMoonex,codex_token
1021,1744318949141934080,1703450155863732224,CryptoMoonex,codex_token
1022,1744318949141934080,1703450155863732224,CryptoMoonex,codex_token
1023,1744318949141934080,1703450155863732224,CryptoMoonex,codex_token
1024,1744318949141934080,1703450155863732224,CryptoMoonex,codex_token
1025,1744318949141934080,1703450155863732224,CryptoMoonex,codex_token
1026,1744318949141934080,1703450155863732224,CryptoMoonex,codex_token
1027,1744318949141934080,1703450155863732224,CryptoMoonex,codex_token
1028,1744318949141934080,1703450155863732224,CryptoMoonex,codex_token
1029,1744318949141934080,1703450155863732224,CryptoMoonex,codex_token
1030,1744318949141934080,1703450155863732224,CryptoMoonex,codex_token
1031,1744318949141934080,1703450155863732224,CryptoMoonex,codex_token
1032,1744318949141934080,1703450155863732224,CryptoMoonex,codex_token
1033,1744318949141934080,1703450155863732224,CryptoMoonex,codex_token
1034,1744318949141934080,1703450155863732224,CryptoMoonex,codex_token
1035,1744318949141934080,958118843636854784,CryptoMoonex,AltcoinDailyio
1036,1744318949141934080,1703450155863732224,CryptoMoonex,codex_token
1037,1744318949141934080,1703450155863732224,CryptoMoonex,codex_token
1038,1744318949141934080,1703450155863732224,CryptoMoonex,codex_token
1039,1744318949141934080,1703450155863732224,CryptoMoonex,codex_token
1040,1744318949141934080,1703450155863732224,CryptoMoonex,codex_token
1041,1744318949141934080,1703450155863732224,CryptoMoonex,codex_token
1042,1744318949141934080,1703450155863732224,CryptoMoonex,codex_token
1043,1744318949141934080,1703450155863732224,CryptoMoonex,codex_token
1044,1744318949141934080,1703450155863732224,CryptoMoonex,codex_token
1045,1744318949141934080,1703450155863732224,CryptoMoonex,codex_token
1046,1744318949141934080,1703450155863732224,CryptoMoonex,codex_token
1047,1744318949141934080,1703450155863732224,CryptoMoonex,codex_token
1048,1744318949141934080,1703450155863732224,CryptoMoonex,codex_token
1049,1744318949141934080,1703450155863732224,CryptoMoonex,codex_token
1050,1744318949141934080,1703450155863732224,CryptoMoonex,codex_token
1051,1744318949141934080,1703450155863732224,CryptoMoonex,codex_token
1052,1744318949141934080,1296337092302139396,CryptoMoonex,bitcoinlfgo
1053,1744318949141934080,1703450155863732224,CryptoMoonex,codex_token
1054,1744318949141934080,1703450155863732224,CryptoMoonex,codex_token
1055,1744318949141934080,1703450155863732224,CryptoMoonex,codex_token
1056,1744318949141934080,1703450155863732224,CryptoMoonex,codex_token
1057,1744318949141934080,1703450155863732224,CryptoMoonex,codex_token
1058,1744318949141934080,1703450155863732224,CryptoMoonex,codex_token
1059,1744318949141934080,1703450155863732224,CryptoMoonex,codex_token
1060,1744318949141934080,1703450155863732224,CryptoMoonex,codex_token
1061,1744318949141934080,1703450155863732224,CryptoMoonex,codex_token
1062,1744318949141934080,1703450155863732224,CryptoMoonex,codex_token
1063,1744318949141934080,1703450155863732224,CryptoMoonex,codex_token
1064,1744318949141934080,1703450155863732224,CryptoMoonex,codex_token
1065,1744318949141934080,1703450155863732224,CryptoMoonex,codex_token
1066,1744318949141934080,1703450155863732224,CryptoMoonex,codex_token
1067,1744318949141934080,1703450155863732224,CryptoMoonex,codex_token
1068,1744318949141934080,1703450155863732224,CryptoMoonex,codex_token
1069,1744318949141934080,1344614912803426305,CryptoMoonex,XMaximist
1070,1744318949141934080,1703450155863732224,CryptoMoonex,codex_token
1071,1744318949141934080,1703450155863732224,CryptoMoonex,codex_token
1072,1744318949141934080,1703450155863732224,CryptoMoonex,codex_token
1073,1744318949141934080,1703450155863732224,CryptoMoonex,codex_token
1074,1744318949141934080,1703450155863732224,CryptoMoonex,codex_token
1075,1744318949141934080,1703450155863732224,CryptoMoonex,codex_token
1076,1744318949141934080,1703450155863732224,CryptoMoonex,codex_token
1077,1744318949141934080,1703450155863732224,CryptoMoonex,codex_token
1078,1744318949141934080,1703450155863732224,CryptoMoonex,codex_token
1079,1744318949141934080,1703450155863732224,CryptoMoonex,codex_token
1080,1744318949141934080,1703450155863732224,CryptoMoonex,codex_token
1081,1744318949141934080,1703450155863732224,CryptoMoonex,codex_token
1082,1744318949141934080,1703450155863732224,CryptoMoonex,codex_token
1083,1744318949141934080,1703450155863732224,CryptoMoonex,codex_token
1084,1744318949141934080,1703450155863732224,CryptoMoonex,codex_token
1085,1744318949141934080,1703450155863732224,CryptoMoonex,codex_token
1086,1744318949141934080,2738087632,CryptoMoonex,CryptoThro
1087,1744318949141934080,2738087632,CryptoMoonex,CryptoThro
1088,1744318949141934080,2738087632,CryptoMoonex,CryptoThro
1089,1744318949141934080,2738087632,CryptoMoonex,CryptoThro
1090,1744318949141934080,1703450155863732224,CryptoMoonex,codex_token
1091,1744318949141934080,1703450155863732224,CryptoMoonex,codex_token
1092,1744318949141934080,1703450155863732224,CryptoMoonex,codex_token
1093,1744318949141934080,1703450155863732224,CryptoMoonex,codex_token
1094,1744318949141934080,1703450155863732224,CryptoMoonex,codex_token
1095,1744318949141934080,1703450155863732224,CryptoMoonex,codex_token
1096,1744318949141934080,1703450155863732224,CryptoMoonex,codex_token
1097,1744318949141934080,1703450155863732224,CryptoMoonex,codex_token
1098,1744318949141934080,1703450155863732224,CryptoMoonex,codex_token
1099,1744318949141934080,1703450155863732224,CryptoMoonex,codex_token
1100,1744318949141934080,1703450155863732224,CryptoMoonex,codex_token
1101,1744318949141934080,1703450155863732224,CryptoMoonex,codex_token
1102,1744318949141934080,1703450155863732224,CryptoMoonex,codex_token
1103,1744318949141934080,1703450155863732224,CryptoMoonex,codex_token
1104,1744318949141934080,1703450155863732224,CryptoMoonex,codex_token
1105,1744318949141934080,1703450155863732224,CryptoMoonex,codex_token
1106,1068812531307872256,368276033,broadcast_sport,SkySportsF1
1107,1068812531307872256,1307056292465274880,broadcast_sport,midjourney
1108,1626042098201001984,1919708845,YUiCHI_Bi,tori29umai
1109,1626042098201001984,1919708845,YUiCHI_Bi,tori29umai
1110,1479270814398570496,1249353522061156353,Aravind3897511,MrOverpaid
1111,1391421679075737600,1322691,Vladimir_197425,neilpatel
1112,41087588,35203319,diabymohamed,EvanKirstel
1113,952470457265152000,1711933056834060288,artur_youthjrd,PaulSilva174316
1114,2806352368,1488407350352429058,ogessun_83613,brainjotter__
1115,2806352368,192947735,ogessun_83613,davido
1116,27068068,174249990,Amdocs,AmdocsNetworks
1117,27068068,174249990,Amdocs,AmdocsNetworks
1118,27068068,174249990,Amdocs,AmdocsNetworks
1119,27068068,174249990,Amdocs,AmdocsNetworks
1120,27068068,174249990,Amdocs,AmdocsNetworks
1121,27068068,174249990,Amdocs,AmdocsNetworks
1122,27068068,27068068,Amdocs,Amdocs
1123,27068068,27068068,Amdocs,Amdocs
1124,27068068,27068068,Amdocs,Amdocs
1125,27068068,27068068,Amdocs,Amdocs
1126,27068068,27068068,Amdocs,Amdocs
1127,27068068,27068068,Amdocs,Amdocs
1128,27068068,27068068,Amdocs,Amdocs
1129,27068068,27068068,Amdocs,Amdocs
1130,27068068,27068068,Amdocs,Amdocs
1131,983366737549774848,21896072,Ann121314,semrush
1132,2779086802,20758087,gadzhaev01,TheDrum
1133,15066876,35203319,JimHarris,EvanKirstel
1134,92002675,70334861,romitguhaET,BeenaParmarET
1135,92002675,18929773,romitguhaET,TCS
1136,92002675,75254313,romitguhaET,SurabhiA_ET
1137,3407367707,21896072,isma8385500133,semrush
1138,818572340535689216,1322691,__tinka02__,neilpatel
1139,1749445416582815744,1607732514591850496,DanInvesta64925,ftr_investors
1140,741888734,1735955346655760384,taong_kalye,visionstar_aigc
1141,1019185360587448320,1663269489515872267,Gandi591,GenAi_offi
1142,1019185360587448320,1663269489515872267,Gandi591,GenAi_offi
1143,1019185360587448320,1663269489515872267,Gandi591,GenAi_offi
1144,1019185360587448320,1663269489515872267,Gandi591,GenAi_offi
1145,1019185360587448320,1663269489515872267,Gandi591,GenAi_offi
1146,1019185360587448320,1663269489515872267,Gandi591,GenAi_offi
1147,1213983109,60642052,janna_lee_85,VentureBeat
1148,174249990,27068068,AmdocsNetworks,Amdocs
1149,174249990,27068068,AmdocsNetworks,Amdocs
1150,174249990,27068068,AmdocsNetworks,Amdocs
1151,174249990,27068068,AmdocsNetworks,Amdocs
1152,174249990,27068068,AmdocsNetworks,Amdocs
1153,174249990,27068068,AmdocsNetworks,Amdocs
1154,1462533474439606272,20758087,aleksandrtush,TheDrum
1155,466501379,466501379,davetweetlive,davetweetlive
1156,466501379,466501379,davetweetlive,davetweetlive
1157,466501379,466501379,davetweetlive,davetweetlive
1158,466501379,466501379,davetweetlive,davetweetlive
1159,90971293,300237314,tcmbigcheese,DianeKemp1
1160,90971293,300237314,tcmbigcheese,DianeKemp1
1161,90971293,622143,tcmbigcheese,BBCWales
1162,90971293,622143,tcmbigcheese,BBCWales
1163,90971293,20512015,tcmbigcheese,Matt_Walsh
1164,90971293,20512015,tcmbigcheese,Matt_Walsh
1165,90971293,1415223590224465931,tcmbigcheese,LHC4MD
1166,90971293,1415223590224465931,tcmbigcheese,LHC4MD
1167,3131330961,1627864650611142660,HenryLiu_FIT,ArteEsEtica
1168,3131330961,204406420,HenryLiu_FIT,kortizart
1169,55271206,2673900829,FStechnology,ThePSR
1170,1549575764,14065694,EricStolzervim,stewarttownsend
1171,1257207863874813952,1322691,divano_analista,neilpatel
1172,208595633,20536157,bobodtech,Google
1173,208595633,1652541,bobodtech,Reuters
1174,300237314,622143,DianeKemp1,BBCWales
1175,300237314,622143,DianeKemp1,BBCWales
1176,300237314,622143,DianeKemp1,BBCWales
1177,300237314,622143,DianeKemp1,BBCWales
1178,300237314,20512015,DianeKemp1,Matt_Walsh
1179,300237314,20512015,DianeKemp1,Matt_Walsh
1180,300237314,20512015,DianeKemp1,Matt_Walsh
1181,300237314,20512015,DianeKemp1,Matt_Walsh
1182,300237314,1415223590224465931,DianeKemp1,LHC4MD
1183,300237314,1415223590224465931,DianeKemp1,LHC4MD
1184,300237314,1415223590224465931,DianeKemp1,LHC4MD
1185,300237314,1415223590224465931,DianeKemp1,LHC4MD
1186,300237314,14845609,DianeKemp1,marcusryder
1187,300237314,14845609,DianeKemp1,marcusryder
1188,300237314,760654,DianeKemp1,paulbradshaw
1189,300237314,760654,DianeKemp1,paulbradshaw
